segment,ip,alias,active,excluded,hostname,latency,scan_time,estimated_uptime,state_change,ping_reason
AMAIME Y EL PLACER,192.168.12.41,AMAIME I,True,False,,,2026-01-29T11:15:36.739643,4896.617941,False,ttl_ok
AMAIME Y EL PLACER,192.168.12.31,LOS PARRALES,True,False,,,2026-01-29T11:15:36.740455,4896.618753,False,ttl_ok
CANDELARIA,192.168.40.12,ADMINISTRATIVO CARMELO,True,False,,,2026-01-29T11:15:36.747748,4896.626046,False,ttl_ok
CANDELARIA,192.168.40.17,LA VIRGEN V.GORGONA,True,False,,,2026-01-29T11:15:36.749668,4896.627966,False,ttl_ok
AMAIME Y EL PLACER,192.168.12.37,MERCAHOGAR,True,False,,,2026-01-29T11:15:36.750420,4896.628718,False,ttl_ok
AMAIME Y EL PLACER,192.168.12.61,LA PALOMERA,True,False,,,2026-01-29T11:15:36.750538,4896.628836,False,ttl_ok
CANDELARIA,192.168.40.23,LA MARIA V.GORGONA,True,False,,,2026-01-29T11:15:36.755818,4896.634116,False,ttl_ok
CANDELARIA,10.100.1.4,TAT ANTARES V.GORGONA,True,False,,,2026-01-29T11:15:36.758951,4896.637249,False,ttl_ok
CANDELARIA,192.168.40.81,TAT TIENDA LA VICTORIA V.GORG,True,False,,,2026-01-29T11:15:36.761537,4896.639835,False,ttl_ok
CANDELARIA,192.168.40.29,OFICINA 20 JULIO V.GORg,True,False,,,2026-01-29T11:15:36.765185,4896.643483,False,ttl_ok
CANDELARIA,192.168.40.107,EL SAMAN GORGONA V.GORG,True,False,,,2026-01-29T11:15:36.765502,4896.6438,False,ttl_ok
AMAIME Y EL PLACER,192.168.12.27,MALL CENTER AMAIME,True,False,,,2026-01-29T11:15:36.766717,4896.645015,False,ttl_ok
AMAIME Y EL PLACER,192.168.12.73,TRIUNFO  II,True,False,,,2026-01-29T11:15:36.771102,4896.6494,False,ttl_ok
CANDELARIA,192.168.40.13,OFI PPAL V.GORGONA,True,False,,,2026-01-29T11:15:36.774216,4896.652514,False,ttl_ok
CANDELARIA,192.168.40.27,LOS ANGELES V.GORGONA,True,False,,,2026-01-29T11:15:36.775915,4896.654213,False,ttl_ok
AMAIME Y EL PLACER,192.168.12.25,CALLE COMERCIO,True,False,,,2026-01-29T11:15:36.776815,4896.655113,False,ttl_ok
AMAIME Y EL PLACER,192.168.22.35,LA PAMPA,True,False,,,2026-01-29T11:15:36.781222,4896.65952,False,ttl_ok
AMAIME Y EL PLACER,192.168.12.35,TIENDA JOEL,True,False,,,2026-01-29T11:15:36.801732,4896.68003,False,ttl_ok
AMAIME Y EL PLACER,192.168.12.65,COOMSAVAL,True,False,,,2026-01-29T11:15:36.807170,4896.685468,False,ttl_ok
CANDELARIA,192.168.40.141,BODEGA 2 CAVASA,True,False,,,2026-01-29T11:15:36.807467,4896.685765,False,ttl_ok
AMAIME Y EL PLACER,192.168.12.47,EL GALEON,True,False,,,2026-01-29T11:15:36.807609,4896.685907,False,ttl_ok
AMAIME Y EL PLACER,192.168.12.103,BOYACA,True,False,,,2026-01-29T11:15:36.807842,4896.68614,False,ttl_ok
CANDELARIA,192.168.40.147,T.A.T BELEN GORG,True,False,,,2026-01-29T11:15:36.833316,4896.711614,False,ttl_ok
AMAIME Y EL PLACER,192.168.12.67,EL OVIEDO I,True,False,,,2026-01-29T11:15:36.842388,4896.720686,False,ttl_ok
AMAIME Y EL PLACER,192.168.12.53,PORVENIR DE COMFANDI AMAIME,True,False,,,2026-01-29T11:15:36.850945,4896.729243,False,ttl_ok
CANDELARIA,192.168.40.105,VARIEDADES ALDEA CAMPEST,True,False,,,2026-01-29T11:15:36.856359,4896.734657,False,ttl_ok
CANDELARIA,192.168.40.99,AVENIDA LA VICTORIA V.GORG,True,False,,,2026-01-29T11:15:36.865600,4896.743898,False,ttl_ok
AMAIME Y EL PLACER,192.168.12.71,TIENDA GAVIOTA,True,False,,,2026-01-29T11:15:36.882937,4896.761235,False,ttl_ok
AMAIME Y EL PLACER,192.168.12.77,CARERRA 3 AMAIME,True,False,,,2026-01-29T11:15:36.885566,4896.763864,False,ttl_ok
AMAIME Y EL PLACER,192.168.12.23,ANTIGUA PPAL AMAIME,True,False,,,2026-01-29T11:15:36.889802,4896.7681,False,ttl_ok
AMAIME Y EL PLACER,192.168.12.11,OFICINA PRINCIPAL AMAIME,True,False,,,2026-01-29T11:15:36.893838,4896.772136,False,ttl_ok
CANDELARIA,192.168.40.159,CORRESPONSAL DALIAS,True,False,,,2026-01-29T11:15:36.906116,4896.784414,False,ttl_ok
AMAIME Y EL PLACER,192.168.12.45,ESCUELA AMAIME,True,False,,,2026-01-29T11:15:36.970356,4896.848654,False,ttl_ok
CANDELARIA,192.168.40.161,TAT DALIAS,True,False,,,2026-01-29T11:15:37.000253,4896.878551,False,ttl_ok
CANDELARIA,192.168.40.21,IGLESIA V.GORGONA,True,False,,,2026-01-29T11:15:37.136854,4897.015152,False,ttl_ok
CANDELARIA,192.168.40.25,COMERCIO V.GORGONA,True,False,,,2026-01-29T11:15:37.151554,,True,ttl_ok
CANDELARIA,192.168.40.39,TELECOM CARMELO,True,False,,,2026-01-29T11:15:37.161246,4897.039544,False,ttl_ok
CANDELARIA,192.168.42.15,TRANSITO JUANCHITO,True,False,,,2026-01-29T11:15:37.162559,4897.040857,False,ttl_ok
CANDELARIA,192.168.42.19,LA TORRE JUANCHITO,True,False,,,2026-01-29T11:15:37.166212,4897.04451,False,ttl_ok
CANDELARIA,192.168.42.29,INTERNET CCAMPO,True,False,,,2026-01-29T11:15:37.186141,4897.064439,False,ttl_ok
CANDELARIA,192.168.40.153,CORRESPONSAL CAMPESTRE,True,False,,,2026-01-29T11:15:37.191233,4897.069531,False,ttl_ok
CANDELARIA,192.168.40.123,CENTRAL V.GORGONA,True,False,,,2026-01-29T11:15:37.206462,4897.08476,False,ttl_ok
CANDELARIA,192.168.42.39,T.A.T LA CRUZ,True,False,,,2026-01-29T11:15:37.215688,4897.093986,False,ttl_ok
CANDELARIA,192.168.42.17,CALLEJON PEREIRA JUANCHITO,True,False,,,2026-01-29T11:15:37.218109,4897.096407,False,ttl_ok
CANDELARIA,192.168.42.37,T.A.T CUDAD DEL CAMPO ESQUINA,True,False,,,2026-01-29T11:15:37.228276,4897.106574,False,ttl_ok
CANDELARIA,192.168.40.10,CAJEROS CANDEL MICROSEGUROS,True,False,,,2026-01-29T11:15:37.237648,4897.115946,False,ttl_ok
CANDELARIA,192.168.42.45,AVENIDA CCAMPO,True,False,,,2026-01-29T11:15:37.246742,4897.12504,False,ttl_ok
CANDELARIA,192.168.42.25,LA COLMENITA CCAMPO,True,False,,,2026-01-29T11:15:37.263702,4897.142,False,ttl_ok
CANDELARIA,192.168.40.61,PANADERIA POBLADO,True,False,,,2026-01-29T11:15:37.297789,4897.176087,False,ttl_ok
CANDELARIA,192.168.40.53,SAN JUAQUIN (CAND),True,False,,,2026-01-29T11:15:37.299194,4897.177492,False,ttl_ok
CANDELARIA,192.168.36.30,T.A.T CIUDAD DEL VALLE,True,False,,,2026-01-29T11:15:37.338656,4897.216954,False,ttl_ok
CANDELARIA,192.168.40.119,T.A.T HAY CHAVELA TIENDA POBLA,True,False,,,2026-01-29T11:15:37.349902,4897.2282,False,ttl_ok
CANDELARIA,192.168.40.155,CORRESPONSAL CARMELO JARDIN,True,False,,,2026-01-29T11:15:37.360749,4897.239047,False,ttl_ok
CANDELARIA,192.168.40.41,AGUILA ROJA CARMELO,True,False,,,2026-01-29T11:15:37.370534,4897.248832,False,ttl_ok
CANDELARIA,192.168.40.137,LA ROSELA POBLADO,True,False,,,2026-01-29T11:15:37.371999,4897.250297,False,ttl_ok
CANDELARIA,192.168.40.129,TAT BATARA POBLADO,True,False,,,2026-01-29T11:15:37.395135,4897.273433,False,ttl_ok
CANDELARIA,192.168.42.43,ALMENDROS CCAMPO,True,False,,,2026-01-29T11:15:37.446150,4897.324448,False,ttl_ok
CANDELARIA,192.168.40.63,CAMPI DELICIAS POBLADO,True,False,,,2026-01-29T11:15:37.470711,4897.349009,False,ttl_ok
CANDELARIA,192.168.40.65,TAT CASA VERDE POBLADO,True,False,,,2026-01-29T11:15:37.496857,4897.375155,False,ttl_ok
CANDELARIA,192.168.40.97,MANZANARES I POBLADO,True,False,,,2026-01-29T11:15:37.534499,4897.412797,False,ttl_ok
CANDELARIA,192.168.26.104,LA TABERNA REGINA,True,False,,,2026-01-29T11:15:37.628254,4897.506552,False,ttl_ok
CANDELARIA,192.168.40.139,LA ARBOLEDA POBLADO,True,False,,,2026-01-29T11:15:37.640448,4897.518746,False,ttl_ok
CANDELARIA,192.168.40.75,EXPENDIDO PAPA CABUYAL,True,False,,,2026-01-29T11:15:37.643668,4897.521966,False,ttl_ok
CANDELARIA,192.168.40.77,CALLE PRINCIPAL CABUYAL,True,False,,,2026-01-29T11:15:37.646671,4897.524969,False,ttl_ok
CANDELARIA,192.168.27.74,TAT PROCURADURIA (CAND),True,False,,,2026-01-29T11:15:37.670481,4897.548779,False,ttl_ok
CANDELARIA,192.168.27.71,TAT PANAMERICANO (CAND),True,False,,,2026-01-29T11:15:37.690566,4897.568864,False,ttl_ok
CANDELARIA,192.168.28.100,OFICINA PRINCIPAL (CAND),True,False,,,2026-01-29T11:15:37.700100,4897.578398,False,ttl_ok
CANDELARIA,192.168.27.29,TAT COLOMBIANA (CAND),True,False,,,2026-01-29T11:15:37.709614,4897.587912,False,ttl_ok
CANDELARIA,192.168.27.62,SAN CRISTOBAL (CAND),True,False,,,2026-01-29T11:15:37.719412,4897.59771,False,ttl_ok
CANDELARIA,192.168.27.58,REGISTRADURIA (CAND),True,False,,,2026-01-29T11:15:37.731165,4897.609463,False,ttl_ok
CANDELARIA,192.168.40.121,BRISAS V.GORGONA,True,False,,,2026-01-29T11:15:37.741713,4897.620011,False,ttl_ok
CANDELARIA,192.168.27.64,POLIDEPORTIVO (CAND),True,False,,,2026-01-29T11:15:37.772158,4897.650456,False,ttl_ok
CANDELARIA,192.168.27.54,PELUQUERIA ROSI (CAND),True,False,,,2026-01-29T11:15:37.777560,4897.655858,False,ttl_ok
CANDELARIA,192.168.27.50,PARQUE 1 (CAND),True,False,,,2026-01-29T11:15:37.779238,4897.657536,False,ttl_ok
CANDELARIA,192.168.40.91,RENDIDOR POBLADO,True,False,,,2026-01-29T11:15:37.782472,4897.66077,False,ttl_ok
CANDELARIA,192.168.27.63,GUARDERIA (CAND),True,False,,,2026-01-29T11:15:37.792853,4897.671151,False,ttl_ok
CANDELARIA,192.168.27.56,RUBIO (CAND),True,False,,,2026-01-29T11:15:37.806092,4897.68439,False,ttl_ok
CANDELARIA,192.168.27.59,BOMBEROS (CAND),True,False,,,2026-01-29T11:15:37.821350,4897.699648,False,ttl_ok
CANDELARIA,192.168.27.57,GALERIA (CAND),True,False,,,2026-01-29T11:15:37.858703,4897.737001,False,ttl_ok
CANDELARIA,192.168.40.83,EL ARENAL (CAND),True,False,,,2026-01-29T11:15:37.880336,4897.758634,False,ttl_ok
CANDELARIA,192.168.27.69,ESTADIO (CAND),True,False,,,2026-01-29T11:15:37.979147,4897.857445,False,ttl_ok
FLORIDA,192.168.32.123,QUINAMAYO FLORIDA,True,False,,,2026-01-29T11:15:38.029616,4897.907914,False,ttl_ok
FLORIDA,192.168.32.133,FLORIDA EL CEDRO,True,False,,,2026-01-29T11:15:38.046789,4897.925087,False,ttl_ok
FLORIDA,192.168.32.77,TELECOM FLORIDA,True,False,,,2026-01-29T11:15:38.061636,4897.939934,False,ttl_ok
FLORIDA,192.168.32.41,LA CALENITA,True,False,,,2026-01-29T11:15:38.064529,4897.942827,False,ttl_ok
FLORIDA,192.168.32.49,SAN JORGE FLORIDA,True,False,,,2026-01-29T11:15:38.074754,4897.953052,False,ttl_ok
FLORIDA,192.168.32.51,VILLA NANCY,True,False,,,2026-01-29T11:15:38.077102,4897.9554,False,ttl_ok
FLORIDA,192.168.32.39,EL CEMENTERIO,True,False,,,2026-01-29T11:15:38.077404,4897.955702,False,ttl_ok
FLORIDA,192.168.32.59,FLORIDA PRINCIPAL,True,False,,,2026-01-29T11:15:38.084122,4897.96242,False,ttl_ok
FLORIDA,192.168.32.139,DON LIBARDO,True,False,,,2026-01-29T11:15:38.087382,4897.96568,False,ttl_ok
FLORIDA,192.168.32.53,PANADERIA LA 24 FLO,True,False,,,2026-01-29T11:15:38.101829,4897.980127,False,ttl_ok
FLORIDA,192.168.32.35,LA ESMERALDA FLORIDA,True,False,,,2026-01-29T11:15:38.120830,4897.999128,False,ttl_ok
FLORIDA,192.168.32.159,LINA MARCELA,True,False,,,2026-01-29T11:15:38.127921,4898.006219,False,ttl_ok
FLORIDA,192.168.32.57,PARQUE,True,False,,,2026-01-29T11:15:38.163613,4898.041911,False,ttl_ok
FLORIDA,192.168.32.105,LA NOVENA FLORIDA,True,False,,,2026-01-29T11:15:38.168043,4898.046341,False,ttl_ok
FLORIDA,192.168.32.55,LAS AMERICAS FLORIDA,True,False,,,2026-01-29T11:15:38.184949,4898.063247,False,ttl_ok
FLORIDA,192.168.32.111,SUPERYA II,True,False,,,2026-01-29T11:15:38.224906,4898.103204,False,ttl_ok
FLORIDA,192.168.32.151,ACUARIOS 2,True,False,,,2026-01-29T11:15:38.268043,4898.146341,False,ttl_ok
FLORIDA,192.168.32.115,JULIO CASTANO I,True,False,,,2026-01-29T11:15:38.284574,4898.162872,False,ttl_ok
FLORIDA,192.168.32.91,CHOCOSITO,True,False,,,2026-01-29T11:15:38.312626,4898.190924,False,ttl_ok
FLORIDA,10.100.1.2,EL LLANITO,True,False,,,2026-01-29T11:15:38.321496,4898.199794,False,ttl_ok
FLORIDA,192.168.32.161,EL RENDIDOR 2,True,False,,,2026-01-29T11:15:38.328605,4898.206903,False,ttl_ok
FLORIDA,192.168.32.145,HOSPITAL,True,False,,,2026-01-29T11:15:38.338835,4898.217133,False,ttl_ok
FLORIDA,192.168.32.73,TARRAGONA ALTO,True,False,,,2026-01-29T11:15:38.358298,4898.236596,False,ttl_ok
FLORIDA,192.168.32.81,TARRAGONA,True,False,,,2026-01-29T11:15:38.358972,4898.23727,False,ttl_ok
FLORIDA,192.168.32.28,SIST. REMOLINO,True,False,,,2026-01-29T11:15:38.380497,4898.258795,False,ttl_ok
FLORIDA,192.168.32.175,TAT EL RECREO FLORIDA,True,False,,,2026-01-29T11:15:38.388671,4898.266969,False,ttl_ok
FLORIDA,192.168.32.131,SAN ANTONIO,True,False,,,2026-01-29T11:15:38.401366,4898.279664,False,ttl_ok
FLORIDA,192.168.32.43,EL TORNILLO,True,False,,,2026-01-29T11:15:38.401829,4898.280127,False,ttl_ok
FLORIDA,192.168.32.109,TIENDA LA ONCE,True,False,,,2026-01-29T11:15:38.407411,4898.285709,False,ttl_ok
FLORIDA,192.168.32.121,LA EXQUISITA,True,False,,,2026-01-29T11:15:38.423309,4898.301607,False,ttl_ok
FLORIDA,192.168.32.147,LOS ALMENDROS FLO,True,False,,,2026-01-29T11:15:38.427662,4898.30596,False,ttl_ok
FLORIDA,192.168.32.69,BUGUENA,True,False,,,2026-01-29T11:15:38.444219,,True,ttl_ok
FLORIDA,192.168.32.169,FLORIDA PARQUE DEL LEON,True,False,,,2026-01-29T11:15:38.444364,,True,ttl_ok
FLORIDA,192.168.32.13,OFICINA SAN ANTONIO,True,False,,,2026-01-29T11:15:38.495993,4898.374291,False,ttl_ok
FLORIDA,192.168.32.65,PARQUE SAN ANTONIO,True,False,,,2026-01-29T11:15:38.564419,4898.442717,False,ttl_ok
FLORIDA,192.168.32.149,CARABALI,True,False,,,2026-01-29T11:15:38.600360,4898.478658,False,ttl_ok
FLORIDA,192.168.32.248,CARRASQUILLA,True,False,,,2026-01-29T11:15:38.615630,4898.493928,False,ttl_ok
FLORIDA,192.168.32.127,LA CABANA,True,False,,,2026-01-29T11:15:38.628950,4898.507248,False,ttl_ok
FLORIDA,192.168.32.165,EL FAJARDO,True,False,,,2026-01-29T11:15:38.629086,4898.507384,False,ttl_ok
FLORIDA,192.168.32.163,BOMBA,True,False,,,2026-01-29T11:15:38.634929,4898.513227,False,ttl_ok
FLORIDA,192.168.32.141,BUS CALI,True,False,,,2026-01-29T11:15:38.646066,4898.524364,False,ttl_ok
OCCIDENTE,192.168.22.21,POTRERILLO TIENDA NUEVA,True,False,,,2026-01-29T11:15:38.711462,4898.58976,False,ttl_ok
OCCIDENTE,192.168.22.133,TABLONES I TIENDA NUEVA,True,False,,,2026-01-29T11:15:38.716355,4898.594653,False,ttl_ok
OCCIDENTE,192.168.22.131,TABLONES III,True,False,,,2026-01-29T11:15:38.731933,4898.610231,False,ttl_ok
FLORIDA,192.168.32.113,LA POLA,True,False,,,2026-01-29T11:15:38.756515,4898.634813,False,ttl_ok
FLORIDA,192.168.32.179,LA QUINCE FLORIDA,True,False,,,2026-01-29T11:15:38.763875,4898.642173,False,ttl_ok
OCCIDENTE,192.168.22.33,BARRANCAS TIENDA NUEVA,True,False,,,2026-01-29T11:15:38.772526,4898.650824,False,ttl_ok
OCCIDENTE,192.168.22.23,GUAYABAL I TIENDA NUEVA,True,False,,,2026-01-29T11:15:38.777060,4898.655358,False,ttl_ok
FLORIDA,192.168.32.167,LA VICTORIA,True,False,,,2026-01-29T11:15:38.792499,,True,ttl_ok
OCCIDENTE,192.168.34.31,CALLEJON LA PALMA,True,False,,,2026-01-29T11:15:38.811262,4898.68956,False,ttl_ok
OCCIDENTE,192.168.11.136,LA UNION,True,False,,,2026-01-29T11:15:38.850100,4898.728398,False,ttl_ok
OCCIDENTE,192.168.22.29,TIENDA NUEVA II OFICINA,True,False,,,2026-01-29T11:15:38.859908,4898.738206,False,ttl_ok
OCCIDENTE,192.168.11.12,CALLEJON  PALMASECA,True,False,,,2026-01-29T11:15:38.861683,4898.739981,False,ttl_ok
OCCIDENTE,192.168.11.143,RESTAURANTE,True,False,,,2026-01-29T11:15:38.913298,4898.791596,False,ttl_ok
OCCIDENTE,192.168.46.11,PANADERIA ALASKA,True,False,,,2026-01-29T11:15:38.934194,4898.812492,False,ttl_ok
OCCIDENTE,192.168.46.19,LUCERNA,True,False,,,2026-01-29T11:15:38.935815,4898.814113,False,ttl_ok
OCCIDENTE,192.168.11.140,AEROPUERTO MUELLE NACIONAL,True,False,,,2026-01-29T11:15:38.956636,4898.834934,False,ttl_ok
OCCIDENTE,192.168.46.15,CLUB JAPONES,True,False,,,2026-01-29T11:15:38.970665,4898.848963,False,ttl_ok
OCCIDENTE,192.168.11.141,BARRIO NUEVO BOLO,True,False,,,2026-01-29T11:15:38.998086,4898.876384,False,ttl_ok
OCCIDENTE,192.168.11.138,CRUCERO GUANABANAL,True,False,,,2026-01-29T11:15:39.009162,4898.88746,False,ttl_ok
PALMIRA,192.168.21.53,SESQUICENTENARIO II,True,False,,,2026-01-29T11:15:39.023768,4898.902066,False,ttl_ok
PALMIRA,192.168.45.126,CRA 19 CON 37 II,True,False,,,2026-01-29T11:15:39.044379,4898.922677,False,ttl_ok
PALMIRA,192.168.21.32,DELICIAS III,True,False,,,2026-01-29T11:15:39.071861,4898.950159,False,ttl_ok
PALMIRA,192.168.21.24,LAS AMERICAS PALMIRA,True,False,,,2026-01-29T11:15:39.113470,4898.991768,False,ttl_ok
PALMIRA,192.168.21.162,19 CON 33,True,False,,,2026-01-29T11:15:39.117789,4898.996087,False,ttl_ok
PALMIRA,192.168.34.103,RAFFO,True,False,,,2026-01-29T11:15:39.146475,4899.024773,False,ttl_ok
PALMIRA,192.168.45.221,BARRIO NUEVO II,True,False,,,2026-01-29T11:15:39.216864,4899.095162,False,ttl_ok
PALMIRA,192.168.21.36,TAT CEREZOS DE LA ITALIA,True,False,,,2026-01-29T11:15:39.236046,4899.114344,False,ttl_ok
PALMIRA,192.168.21.47,SESQUICENTARIO IV,True,False,,,2026-01-29T11:15:39.238757,4899.117055,False,ttl_ok
PALMIRA,192.168.21.37,EL MEXICANO,True,False,,,2026-01-29T11:15:39.263954,4899.142252,False,ttl_ok
PALMIRA,192.168.21.26,CASETA  RECREO,True,False,,,2026-01-29T11:15:39.284618,4899.162916,False,ttl_ok
PALMIRA,192.168.45.171,CAÑAVERAL II,True,False,,,2026-01-29T11:15:39.307466,4899.185764,False,ttl_ok
PALMIRA,192.168.21.57,CANAVERAL,True,False,,,2026-01-29T11:15:39.333193,4899.211491,False,ttl_ok
PALMIRA,192.168.34.133,TAT SISTEMATIZADA SANTA MARIA,True,False,,,2026-01-29T11:15:39.338956,4899.217254,False,ttl_ok
PALMIRA,192.168.21.181,OLIMPICO I,True,False,,,2026-01-29T11:15:39.347619,4899.225917,False,ttl_ok
PALMIRA,192.168.21.58,SIS PARQUE ITALIA,True,False,,,2026-01-29T11:15:39.347873,4899.226171,False,ttl_ok
PALMIRA,192.168.21.175,PETRU,True,False,,,2026-01-29T11:15:39.398032,4899.27633,False,ttl_ok
PALMIRA,192.168.34.27,POBLADO COMFAUNION III,True,False,,,2026-01-29T11:15:39.407998,4899.286296,False,ttl_ok
PALMIRA,192.168.21.182,COLOMBATES,True,False,,,2026-01-29T11:15:39.476868,4899.355166,False,ttl_ok
PALMIRA,192.168.45.101,LA 19 CON 35,True,False,,,2026-01-29T11:15:39.495503,4899.373801,False,ttl_ok
PALMIRA,192.168.34.133,SAN PEDRO LA BOLSA,True,False,,,2026-01-29T11:15:39.500315,4899.378613,False,ttl_ok
PALMIRA,192.168.45.98,LOS ABUELOS,True,False,,,2026-01-29T11:15:39.543620,4899.421918,False,ttl_ok
PALMIRA,192.168.15.34,PORTAL DE LAS PALMAS III,True,False,,,2026-01-29T11:15:39.556556,4899.434854,False,ttl_ok
PALMIRA,192.168.15.30,PORTAL LAS PALMAS II,True,False,,,2026-01-29T11:15:39.564195,4899.442493,False,ttl_ok
PALMIRA,192.168.21.28,TAT SISTEMATIZADO BIZERTA,True,False,,,2026-01-29T11:15:39.569188,4899.447486,False,ttl_ok
PALMIRA,192.168.34.75,LA LIBERTAD I,True,False,,,2026-01-29T11:15:39.571639,4899.449937,False,ttl_ok
PALMIRA,192.168.15.61,HAROLD EDER,True,False,,,2026-01-29T11:15:39.582856,4899.461154,False,ttl_ok
PALMIRA,192.168.21.148,SAN PEDRO BICICLETERIA,True,False,,,2026-01-29T11:15:39.630721,4899.509019,False,ttl_ok
PALMIRA,192.168.21.122,POLICIA,True,False,,,2026-01-29T11:15:39.636822,4899.51512,False,ttl_ok
PALMIRA,192.168.34.95,LA VEGA II,True,False,,,2026-01-29T11:15:39.731239,4899.609537,False,ttl_ok
PALMIRA,192.168.34.123,PRIMERO DE MAYO,True,False,,,2026-01-29T11:15:39.738353,4899.616651,False,ttl_ok
PALMIRA,192.168.34.101,SAN CARLOS,True,False,,,2026-01-29T11:15:39.769407,,True,ttl_ok
PALMIRA,192.168.34.143,SAN PEDRO PABLO VI  1,True,False,,,2026-01-29T11:15:39.782773,4899.661071,False,ttl_ok
PALMIRA,192.168.21.146,SAN PEDRO VIII,True,False,,,2026-01-29T11:15:39.828377,4899.706675,False,ttl_ok
PALMIRA,192.168.34.39,SAN PEDRO IV,True,False,,,2026-01-29T11:15:39.845963,4899.724261,False,ttl_ok
PALMIRA,192.168.45.122,URIBE,True,False,,,2026-01-29T11:15:39.878483,4899.756781,False,ttl_ok
PALMIRA,192.168.34.107,SAN PEDRO MISCELANEA,True,False,,,2026-01-29T11:15:39.889824,4899.768122,False,ttl_ok
PALMIRA,192.168.45.174,TIENDA COSTA RICA,True,False,,,2026-01-29T11:15:39.940684,4899.818982,False,ttl_ok
PALMIRA,192.168.21.194,RIVERA ESCOBAR,True,False,,,2026-01-29T11:15:39.949080,4899.827378,False,ttl_ok
PALMIRA,192.168.45.29,EL CONDOR,True,False,,,2026-01-29T11:15:39.979664,4899.857962,False,ttl_ok
AMAIME Y EL PLACER,192.168.12.33,EL HOYO,False,False,,,2026-01-29T11:15:40.000663,,False,win_fail_rc=0
PALMIRA,192.168.21.201,TIENDA EL PRADO PAL,True,False,,,2026-01-29T11:15:40.004997,4899.883295,False,ttl_ok
PALMIRA,192.168.45.213,LA CONCORDIA,True,False,,,2026-01-29T11:15:40.010893,4899.889191,False,ttl_ok
PALMIRA,192.168.45.187,DROGUERIA PRADO II,True,False,,,2026-01-29T11:15:40.018435,4899.896733,False,ttl_ok
PALMIRA,192.168.45.211,PARQUEADERO PRADO,True,False,,,2026-01-29T11:15:40.026293,4899.904591,False,ttl_ok
PALMIRA,192.168.45.40,PRADO IGLESIA II,True,False,,,2026-01-29T11:15:40.090008,4899.968306,False,ttl_ok
PALMIRA,192.168.34.47,MUNICIPAL II,True,False,,,2026-01-29T11:15:40.250062,4900.12836,False,ttl_ok
PALMIRA,192.168.34.49,POPULAR MODELO II,True,False,,,2026-01-29T11:15:40.333671,4900.211969,False,ttl_ok
PALMIRA,192.168.34.21,MARIACANO,True,False,,,2026-01-29T11:15:40.432413,4900.310711,False,ttl_ok
PALMIRA,192.168.34.77,TAT CLUB CAMPESTRE,True,False,,,2026-01-29T11:15:40.432661,4900.310959,False,ttl_ok
PALMIRA,192.168.34.61,7 AGOSTO II,True,False,,,2026-01-29T11:15:40.460809,4900.339107,False,ttl_ok
PALMIRA,192.168.34.113,PARAISO,True,False,,,2026-01-29T11:15:40.463400,4900.341698,False,ttl_ok
CANDELARIA,192.168.40.115,TAT INTERNET VICTORIA,False,False,,,2026-01-29T11:15:40.492285,,False,win_fail_rc=0
PALMIRA,192.168.34.41,MUNICIPAL,True,False,,,2026-01-29T11:15:40.511745,4900.390043,False,ttl_ok
PALMIRA,192.168.34.145,SUPERMARDEN DEL BOSQUE,True,False,,,2026-01-29T11:15:40.533452,4900.41175,False,ttl_ok
PALMIRA,192.168.34.37,HACIENDA BUENOS AIRES,True,False,,,2026-01-29T11:15:40.539222,4900.41752,False,ttl_ok
PALMIRA,192.168.21.189,LLANO GRANDE PLAZA,True,False,,,2026-01-29T11:15:40.563959,4900.442257,False,ttl_ok
CANDELARIA,192.168.40.35,CALLE CENTRAL EL CARMELO,False,False,,,2026-01-29T11:15:40.574026,,False,win_fail_rc=0
CANDELARIA,192.168.36.22,T.A.T CONJUNTO VIENTOS DE CIUD,False,False,,,2026-01-29T11:15:40.602678,,False,win_fail_rc=0
PALMIRA,192.168.21.67,TAT SENDEROS DE LA ITALIA,True,False,,,2026-01-29T11:15:40.667171,4900.545469,False,ttl_ok
CANDELARIA,192.168.42.21,FINAL PEREIRA JUANCHITO,False,False,,,2026-01-29T11:15:40.706434,,False,win_fail_rc=0
CANDELARIA,192.168.40.49,SAN JOAQUIN PPAL,False,False,,,2026-01-29T11:15:40.728356,,False,win_fail_rc=0
PALMIRA,192.168.21.216,SENDEROS DE LA ITALIA,True,False,,,2026-01-29T11:15:40.732467,4900.610765,False,ttl_ok
PALMIRA,192.168.45.22,TULIPANES DE LA ITALIA,True,False,,,2026-01-29T11:15:40.744091,4900.622389,False,ttl_ok
PALMIRA,192.168.21.40,TAT SIST RESERVAS DE LA ITALIA,True,False,,,2026-01-29T11:15:40.778419,4900.656717,False,ttl_ok
PALMIRA,192.168.21.109,GALERIA II,True,False,,,2026-01-29T11:15:40.783628,4900.661926,False,ttl_ok
CANDELARIA,192.168.40.33,FANNY ROMERO POBLADO,False,False,,,2026-01-29T11:15:40.799712,,False,win_fail_rc=0
PALMIRA,192.168.21.59,PARQUE DE LA ITALIA PPAL,True,False,,,2026-01-29T11:15:40.812273,4900.690571,False,ttl_ok
PALMIRA,192.168.21.123,UNICENTRO,True,False,,,2026-01-29T11:15:40.889437,4900.767735,False,ttl_ok
PALMIRA,192.168.45.228,PARQUE EL PRADO,True,False,,,2026-01-29T11:15:40.918880,4900.797178,False,ttl_ok
PALMIRA,192.168.45.170,PRADO LA ROCHELA,True,False,,,2026-01-29T11:15:40.927480,4900.805778,False,ttl_ok
PALMIRA,192.168.45.217,INDEPENDENCIA,True,False,,,2026-01-29T11:15:40.938597,4900.816895,False,ttl_ok
PALMIRA,192.168.45.215,PANADERIA FRAY LUIS AMIGO,True,False,,,2026-01-29T11:15:40.947595,4900.825893,False,ttl_ok
PALMIRA,192.168.45.220,EMILIA VII,True,False,,,2026-01-29T11:15:40.947747,4900.826045,False,ttl_ok
PALMIRA,10.100.1.18,OLIMPICO III,True,False,,,2026-01-29T11:15:40.956769,4900.835067,False,ttl_ok
CANDELARIA,192.168.27.55,GRANERO (CAND),False,False,,,2026-01-29T11:15:40.970268,,False,win_fail_rc=0
CANDELARIA,192.168.27.65,SANTA ANA (CAND),False,False,,,2026-01-29T11:15:40.970415,,False,win_fail_rc=0
PALMIRA,192.168.45.196,SANTA BARBARA,True,False,,,2026-01-29T11:15:40.977532,4900.85583,False,ttl_ok
PALMIRA,192.168.21.55,CEMENTERIO CENTRAL PALMIRA,True,False,,,2026-01-29T11:15:40.978162,4900.85646,False,ttl_ok
PALMIRA,192.168.45.214,EMILIA IGLESIA,True,False,,,2026-01-29T11:15:41.033163,4900.911461,False,ttl_ok
PALMIRA,192.168.21.102,LAS MERCEDES II,True,False,,,2026-01-29T11:15:41.035214,4900.913512,False,ttl_ok
CANDELARIA,192.168.27.66,ESTANCO (CAND),False,False,,,2026-01-29T11:15:41.046337,,True,win_fail_rc=0
CANDELARIA,192.168.27.51,PARQUE 2 (CAND),False,False,,,2026-01-29T11:15:41.046452,,False,win_fail_rc=0
PALMIRA,192.168.15.46,ZAMORANO IV,True,False,,,2026-01-29T11:15:41.092011,4900.970309,False,ttl_ok
CANDELARIA,192.168.40.95,CALLEJON GUALANDAY  V.GORG,False,False,,,2026-01-29T11:15:41.117504,,False,win_fail_rc=0
PALMIRA,192.168.15.28,ALAMEDA III,True,False,,,2026-01-29T11:15:41.132773,4901.011071,False,ttl_ok
PALMIRA,192.168.15.22,ZAMORANO X,True,False,,,2026-01-29T11:15:41.138770,4901.017068,False,ttl_ok
PALMIRA,192.168.15.25,LA COSECHA III,True,False,,,2026-01-29T11:15:41.150194,4901.028492,False,ttl_ok
CANDELARIA,10.100.1.16,PARQUE TIPLE (CAND),False,False,,,2026-01-29T11:15:41.150473,,True,win_fail_rc=1
PALMIRA,192.168.15.23,ZAMORANO ANTENA,True,False,,,2026-01-29T11:15:41.168211,4901.046509,False,ttl_ok
PALMIRA,192.168.15.20,COOPERADORES,True,False,,,2026-01-29T11:15:41.207642,4901.08594,False,ttl_ok
PALMIRA,192.168.15.13,ALAMEDA V,True,False,,,2026-01-29T11:15:41.226181,4901.104479,False,ttl_ok
PALMIRA,192.168.15.80,CASA ALAMEDA,True,False,,,2026-01-29T11:15:41.267640,4901.145938,False,ttl_ok
PALMIRA,192.168.15.76,VILLA PRAGA,True,False,,,2026-01-29T11:15:41.269824,4901.148122,False,ttl_ok
PALMIRA,192.168.15.83,ZAMORANO III,True,False,,,2026-01-29T11:15:41.273804,4901.152102,False,ttl_ok
CANDELARIA,192.168.27.21,TAT EL MOLINO,False,False,,,2026-01-29T11:15:41.289746,,False,win_fail_rc=0
PALMIRA,192.168.15.88,ZAMORANO IGLESIA,True,False,,,2026-01-29T11:15:41.315041,4901.193339,False,ttl_ok
PALMIRA,192.168.15.10,ZAMORANO II OFICINA,True,False,,,2026-01-29T11:15:41.326473,4901.204771,False,ttl_ok
CANDELARIA,192.168.27.67,TAT LA ZAFRA,False,False,,,2026-01-29T11:15:41.364518,,False,win_fail_rc=0
PALMIRA,192.168.15.50,TAT RESERVAS DE ZAMORANO,True,False,,,2026-01-29T11:15:41.367235,4901.245533,False,ttl_ok
PALMIRA,192.168.15.68,LA DISCORDIA,True,False,,,2026-01-29T11:15:41.402049,4901.280347,False,ttl_ok
PALMIRA,192.168.21.133,SAMANES II,True,False,,,2026-01-29T11:15:41.402313,,True,ttl_ok
PALMIRA,192.168.15.44,20 DE JULIO,True,False,,,2026-01-29T11:15:41.409634,4901.287932,False,ttl_ok
PALMIRA,192.168.15.77,PORTAL DE LAS PALMAS IV,True,False,,,2026-01-29T11:15:41.418811,4901.297109,False,ttl_ok
PALMIRA,192.168.15.33,SUPER MARDEN LA 47,True,False,,,2026-01-29T11:15:41.423567,4901.301865,False,ttl_ok
PALMIRA,192.168.15.42,POBLADO LOURDES II,True,False,,,2026-01-29T11:15:41.459947,4901.338245,False,ttl_ok
PALMIRA,192.168.15.55,SANTA TERESITA,True,False,,,2026-01-29T11:15:41.474094,4901.352392,False,ttl_ok
PALMIRA,192.168.15.75,CAI CAIMITOS,True,False,,,2026-01-29T11:15:41.490816,4901.369114,False,ttl_ok
PALMIRA,192.168.15.74,BENEDICTA II,True,False,,,2026-01-29T11:15:41.500654,4901.378952,False,ttl_ok
PALMIRA,192.168.15.53,SANTA TERESITA II,True,False,,,2026-01-29T11:15:41.504305,4901.382603,False,ttl_ok
PALMIRA,192.168.15.70,TAT SIST LLANOS DE LA RIVERA,True,False,,,2026-01-29T11:15:41.543017,4901.421315,False,ttl_ok
PALMIRA,192.168.15.64,JUAN PABLO  II,True,False,,,2026-01-29T11:15:41.591292,4901.46959,False,ttl_ok
PALMIRA,192.168.15.72,IGNACIO TORRES,True,False,,,2026-01-29T11:15:41.634215,4901.512513,False,ttl_ok
PALMIRA,192.168.15.35,SIMON BOLIVAR,True,False,,,2026-01-29T11:15:41.643835,4901.522133,False,ttl_ok
PALMIRA,192.168.45.100,BENEDICTA I,True,False,,,2026-01-29T11:15:41.654920,4901.533218,False,ttl_ok
PALMIRA,192.168.15.60,CAIMITOS II,True,False,,,2026-01-29T11:15:41.663293,4901.541591,False,ttl_ok
PALMIRA,192.168.36.15,PARQUEADERO EL GANADOR,True,False,,,2026-01-29T11:15:41.665708,4901.544006,False,ttl_ok
FLORIDA,192.168.32.119,EL MERCADO,False,False,,,2026-01-29T11:15:41.674360,,False,win_fail_rc=0
PALMIRA,192.168.15.39,VILLA DEL ROSARIO,True,False,,,2026-01-29T11:15:41.703543,4901.581841,False,ttl_ok
PALMIRA,192.168.34.189,LA BUITRERA,True,False,,,2026-01-29T11:15:41.706640,4901.584938,False,ttl_ok
PALMIRA,192.168.21.128,ESTACION COLOMBIA II,True,False,,,2026-01-29T11:15:41.745162,4901.62346,False,ttl_ok
PALMIRA,192.168.21.149,OBRERO I,True,False,,,2026-01-29T11:15:41.745408,4901.623706,False,ttl_ok
PALMIRA,192.168.21.156,CASETA  VERSALLES,True,False,,,2026-01-29T11:15:41.751829,4901.630127,False,ttl_ok
PALMIRA,192.168.21.25,NIÑO POBRE II,True,False,,,2026-01-29T11:15:41.812379,4901.690677,False,ttl_ok
PALMIRA,192.168.21.23,CAICELANDIA II,True,False,,,2026-01-29T11:15:41.880146,4901.758444,False,ttl_ok
OCCIDENTE,192.168.36.33,TAT LA PALMA BOLO,False,False,,,2026-01-29T11:15:41.927350,,False,win_fail_rc=0
PALMIRA,192.168.21.101,ALFONSO LOPEZ,True,False,,,2026-01-29T11:15:41.940395,4901.818693,False,ttl_ok
PALMIRA,192.168.45.224,COLOMBIA VI,True,False,,,2026-01-29T11:15:41.950174,4901.828472,False,ttl_ok
PALMIRA,192.168.45.180,COLOMBIA CABINAS,True,False,,,2026-01-29T11:15:41.955027,4901.833325,False,ttl_ok
PALMIRA,192.168.45.233,PIKOS II,True,False,,,2026-01-29T11:15:41.959290,4901.837588,False,ttl_ok
PALMIRA,192.168.21.176,BERLIN,True,False,,,2026-01-29T11:15:41.968235,4901.846533,False,ttl_ok
PALMIRA,192.168.21.106,ESTACION COLOMBIA  I,True,False,,,2026-01-29T11:15:41.981022,4901.85932,False,ttl_ok
PALMIRA,192.168.21.107,ESTONIA,True,False,,,2026-01-29T11:15:41.984988,4901.863286,False,ttl_ok
OCCIDENTE,192.168.22.39,TAT POTRERILLO BETPLAY,False,False,,,2026-01-29T11:15:42.034907,,False,win_fail_rc=0
PALMIRA,192.168.45.125,COLOMBINA II,True,False,,,2026-01-29T11:15:42.039861,4901.918159,False,ttl_ok
PALMIRA,192.168.34.103,7 AGOSTO III,True,False,,,2026-01-29T11:15:42.048790,4901.927088,False,ttl_ok
PALMIRA,192.168.21.27,GUAYACANES DEL INGENIO,True,False,,,2026-01-29T11:15:42.077539,4901.955837,False,ttl_ok
PALMIRA,192.168.21.49,SEMBRADOR III,True,False,,,2026-01-29T11:15:42.101333,4901.979631,False,ttl_ok
PALMIRA,192.168.45.43,LICORES I,True,False,,,2026-01-29T11:15:42.115025,4901.993323,False,ttl_ok
OCCIDENTE,192.168.15.65,LA HERRADURA,False,False,,,2026-01-29T11:15:42.139583,,False,win_fail_rc=0
PALMIRA,192.168.21.21,FATIMA II,True,False,,,2026-01-29T11:15:42.168361,4902.046659,False,ttl_ok
PALMIRA,192.168.21.31,PAPAYAL,True,False,,,2026-01-29T11:15:42.168606,4902.046904,False,ttl_ok
PALMIRA,192.168.45.124,COLOMBINA III,True,False,,,2026-01-29T11:15:42.178545,4902.056843,False,ttl_ok
PALMIRA,192.168.36.12,LA CIGARRA II,True,False,,,2026-01-29T11:15:42.183231,4902.061529,False,ttl_ok
PALMIRA,192.168.21.22,MARANATHA,True,False,,,2026-01-29T11:15:42.189314,4902.067612,False,ttl_ok
PALMIRA,192.168.45.20,CC SEMBRADOR PLAZA,True,False,,,2026-01-29T11:15:42.214943,4902.093241,False,ttl_ok
PALMIRA,192.168.45.177,ANTIGUA PPAL II,True,False,,,2026-01-29T11:15:42.215455,4902.093753,False,ttl_ok
PALMIRA,192.168.45.198,EDIF. CAJA AGRARIA,True,False,,,2026-01-29T11:15:42.246059,4902.124357,False,ttl_ok
PALMIRA,192.168.45.231,PARQUEADERO PARQUE BOLIVAR,True,False,,,2026-01-29T11:15:42.258988,4902.137286,False,ttl_ok
OCCIDENTE,192.168.11.11,EL PROGRESO,False,False,,,2026-01-29T11:15:42.267069,,False,win_fail_rc=0
PALMIRA,192.168.45.17,CENTRO COMERCIAL LA VIRGINIA,True,False,,,2026-01-29T11:15:42.291334,4902.169632,False,ttl_ok
PALMIRA,192.168.36.3,OFICINA PRINCIPAL,True,False,,,2026-01-29T11:15:42.302006,4902.180304,False,ttl_ok
PALMIRA,192.168.21.108,EMPRESARIO UNIDOS II,True,False,,,2026-01-29T11:15:42.319761,4902.198059,False,ttl_ok
PALMIRA,192.168.36.2,OFICINA PRINCIPAL II,True,False,,,2026-01-29T11:15:42.340784,4902.219082,False,ttl_ok
OCCIDENTE,192.168.46.31,BOMBA LAURO,False,False,,,2026-01-29T11:15:42.343194,,False,win_fail_rc=0
PALMIRA,192.168.45.210,EXPRESO PALMIRA,True,False,,,2026-01-29T11:15:42.363419,4902.241717,False,ttl_ok
PALMIRA,192.168.21.141,COLOMBIA TAXIS,True,False,,,2026-01-29T11:15:42.367964,4902.246262,False,ttl_ok
PALMIRA,192.168.45.94,OBRERO EL PASO II,True,False,,,2026-01-29T11:15:42.382281,4902.260579,False,ttl_ok
PALMIRA,192.168.21.45,CASETA GALERIA,True,False,,,2026-01-29T11:15:42.397388,4902.275686,False,ttl_ok
PALMIRA,192.168.20.155,CARREFOUR METRO,True,False,,,2026-01-29T11:15:42.427138,4902.305436,False,ttl_ok
PALMIRA,192.168.21.157,OLIMPICA VERSALLES II,True,False,,,2026-01-29T11:15:42.427303,4902.305601,False,ttl_ok
PALMIRA,192.168.21.35,PARQUEADERO CICLOMOTOS,True,False,,,2026-01-29T11:15:42.472001,4902.350299,False,ttl_ok
PALMIRA,192.168.45.28,SISTEMATIZADO LA MARDEN,True,False,,,2026-01-29T11:15:42.479211,4902.357509,False,ttl_ok
PALMIRA,192.168.21.147,TAT CC VILLA DE LAS PALMAS,True,False,,,2026-01-29T11:15:42.508113,4902.386411,False,ttl_ok
PALMIRA,192.168.21.130,ALTAMIRA III,True,False,,,2026-01-29T11:15:42.508248,4902.386546,False,ttl_ok
PALMIRA,192.168.34.67,CAFE PALMIRA,True,False,,,2026-01-29T11:15:42.515007,4902.393305,False,ttl_ok
PALMIRA,192.168.45.206,ANT. MILLONARIA,True,False,,,2026-01-29T11:15:42.523211,4902.401509,False,ttl_ok
PRADERA,192.168.24.53,MANHATAN,True,False,,,2026-01-29T11:15:42.549071,4902.427369,False,ttl_ok
PRADERA,192.168.24.67,EL MANANTIAL,True,False,,,2026-01-29T11:15:42.562030,4902.440328,False,ttl_ok
PRADERA,192.168.24.31,MAXITODO2,True,False,,,2026-01-29T11:15:42.631056,4902.509354,False,ttl_ok
FLORIDA,192.168.32.155,LA CASILDA,False,False,,,2026-01-29T11:15:42.656577,,True,win_fail_rc=1
PRADERA,192.168.24.65,LA CIGARRA PRADERA,True,False,,,2026-01-29T11:15:42.687008,4902.565306,False,ttl_ok
PRADERA,192.168.24.33,PUERTAS DEL SOL BERLIN,True,False,,,2026-01-29T11:15:42.687270,4902.565568,False,ttl_ok
PRADERA,192.168.24.41,PARQUE PRINCIPAL 2,True,False,,,2026-01-29T11:15:42.696930,4902.575228,False,ttl_ok
PRADERA,192.168.24.43,PARQUE RECREACIONAL,True,False,,,2026-01-29T11:15:42.710196,4902.588494,False,ttl_ok
PRADERA,192.168.24.71,OFICINA PRINCIPAL PRADERA,True,False,,,2026-01-29T11:15:42.728640,4902.606938,False,ttl_ok
PRADERA,192.168.24.37,OFICINA BERLIN,True,False,,,2026-01-29T11:15:42.753041,4902.631339,False,ttl_ok
PRADERA,192.168.24.25,LA INGLESA,True,False,,,2026-01-29T11:15:42.768608,4902.646906,False,ttl_ok
PRADERA,192.168.24.17,AGUSTIN,True,False,,,2026-01-29T11:15:42.776141,4902.654439,False,ttl_ok
PRADERA,192.168.24.57,PUERTO NUEVO,True,False,,,2026-01-29T11:15:42.776727,4902.655025,False,ttl_ok
PRADERA,192.168.24.87,LA MARIA PRADERA,True,False,,,2026-01-29T11:15:42.787653,4902.665951,False,ttl_ok
PRADERA,192.168.24.103,LOMITAS 1 PRADERA,True,False,,,2026-01-29T11:15:42.826724,,True,ttl_ok
PRADERA,192.168.24.29,LA BODEGA,True,False,,,2026-01-29T11:15:42.876054,4902.754352,False,ttl_ok
PALMIRA,192.168.34.179,ORLIDIA,False,False,,,2026-01-29T11:15:42.914622,,False,win_fail_rc=0
PRADERA,192.168.24.23,ALTO EL CASTILLO,True,False,,,2026-01-29T11:15:42.948443,4902.826741,False,ttl_ok
PRADERA,192.168.24.21,EL CAIRO,True,False,,,2026-01-29T11:15:42.955971,4902.834269,False,ttl_ok
PRADERA,192.168.24.95,LA COLINA 2,True,False,,,2026-01-29T11:15:42.976616,4902.854914,False,ttl_ok
PRADERA,192.168.24.49,TATA PRADERA,True,False,,,2026-01-29T11:15:42.991796,4902.870094,False,ttl_ok
PRADERA,192.168.24.69,ALTOS DE LA PRADERA,True,False,,,2026-01-29T11:15:42.991992,4902.87029,False,ttl_ok
PRADERA,192.168.24.73,OFICINA PRINCIPAL 2 PRADERA,True,False,,,2026-01-29T11:15:43.013093,4902.891391,False,ttl_ok
PALMIRA,192.168.21.114,SAN PEDRO II,False,False,,,2026-01-29T11:15:43.024642,,False,win_fail_rc=0
PRADERA,192.168.24.27,PARQUE PRINCIPAL,True,False,,,2026-01-29T11:15:43.039015,4902.917313,False,ttl_ok
PRADERA,192.168.24.13,PANCHINITA II,True,False,,,2026-01-29T11:15:43.057743,4902.936041,False,ttl_ok
PRADERA,192.168.24.11,LA LIBERTAD I PRADERA,True,False,,,2026-01-29T11:15:43.069327,4902.947625,False,ttl_ok
PALMIRA,192.168.36.23,MISCELANEA CHAPINERO SUR II,False,False,,,2026-01-29T11:15:43.105311,,False,win_fail_rc=0
PRADERA,192.168.24.83,LA LABRANZA PRADERA,True,False,,,2026-01-29T11:15:43.169782,4903.04808,False,ttl_ok
PRADERA,192.168.24.59,LA RICAURTE,True,False,,,2026-01-29T11:15:43.181404,4903.059702,False,ttl_ok
PRADERA,192.168.24.81,BINGO LA SEXTA,True,False,,,2026-01-29T11:15:43.217251,4903.095549,False,ttl_ok
ROZO,192.168.19.6,CAJEROS ROZO MICROSEGUROS,True,False,,,2026-01-29T11:15:43.225351,8288.644488,False,ttl_ok
PRADERA,192.168.24.79,COMUNEROS II,True,False,,,2026-01-29T11:15:43.225646,4903.103944,False,ttl_ok
PALMIRA,192.168.34.59,CAI SAN PEDRO,False,False,,,2026-01-29T11:15:43.233743,,False,win_fail_rc=0
ROZO,192.168.19.138,MATAPALO II,True,False,,,2026-01-29T11:15:43.239171,8288.658308,False,ttl_ok
ROZO,192.168.19.35,BELALCAZAR ROZO,True,False,,,2026-01-29T11:15:43.262356,8288.681493,False,ttl_ok
PALMIRA,192.168.45.47,RIVERA ESCOBAR II,False,False,,,2026-01-29T11:15:43.271958,,False,win_fail_rc=0
ROZO,192.168.19.12,PTO FRT AL CEMENTERIO,True,False,,,2026-01-29T11:15:43.277060,8288.696197,False,ttl_ok
ROZO,192.168.19.21,VIA CEMENTERIO,True,False,,,2026-01-29T11:15:43.303195,8288.722332,False,ttl_ok
ROZO,192.168.19.25,EL ZAPOTE ROZO,True,False,,,2026-01-29T11:15:43.308554,8288.727691,False,ttl_ok
ROZO,192.168.19.19,LA PRIMAVERA,True,False,,,2026-01-29T11:15:43.314535,8288.733672,False,ttl_ok
ROZO,192.168.18.70,OFICINA PRINCIPAL ROZO,True,False,,,2026-01-29T11:15:43.317656,8288.736793,False,ttl_ok
ROZO,192.168.19.15,TIENDA NUEVA I ROZO,True,False,,,2026-01-29T11:15:43.395121,8288.814258,False,ttl_ok
ROZO,192.168.19.135,LA PIÑA I ROZO,True,False,,,2026-01-29T11:15:43.421766,8288.840903,False,ttl_ok
ROZO,192.168.19.29,TEATRO ROZO,True,False,,,2026-01-29T11:15:43.425598,8288.844735,False,ttl_ok
ROZO,192.168.19.10,ANTIGUA PRINCIPAL ROZO,True,False,,,2026-01-29T11:15:43.450443,8288.86958,False,ttl_ok
ROZO,192.168.19.36,OBANDO ROZO,True,False,,,2026-01-29T11:15:43.459227,8288.878364,False,ttl_ok
ROZO,192.168.19.14,TELECOM ROZO,True,False,,,2026-01-29T11:15:43.466301,8288.885438,False,ttl_ok
ROZO,192.168.19.139,VILLA LENIS ROZO,True,False,,,2026-01-29T11:15:43.481214,8288.900351,False,ttl_ok
ROZO,192.168.19.18,CALLEJON VERGARA II,True,False,,,2026-01-29T11:15:43.488746,,True,ttl_ok
ROZO,192.168.19.16,CANCHA LA TORRE I,True,False,,,2026-01-29T11:15:43.492688,8288.911825,False,ttl_ok
ROZO,192.168.19.13,BOMBEROS ROZO,True,False,,,2026-01-29T11:15:43.518124,8288.937261,False,ttl_ok
ROZO,192.168.19.32,CANCHA LA TORRE II,True,False,,,2026-01-29T11:15:43.526385,8288.945522,False,ttl_ok
ROZO,192.168.19.28,CONTROL LA TORRE,True,False,,,2026-01-29T11:15:43.548274,6412.940376,False,ttl_ok
ROZO,192.168.19.23,LA TROCHA ROZO,True,False,,,2026-01-29T11:15:43.586011,8289.005148,False,ttl_ok
PALMIRA,192.168.34.29,BATALLON,False,False,,,2026-01-29T11:15:43.865414,,False,win_fail_rc=0
PALMIRA,192.168.22.55,HACIENDA BUENOS AIRES II,False,False,,,2026-01-29T11:15:43.882774,,False,win_fail_rc=0
PALMIRA,192.168.22.49,OASIS DE LA ITALIA,False,False,,,2026-01-29T11:15:43.974787,,False,win_fail_rc=0
PALMIRA,192.168.20.192,LLANO GRANDE PLAZA (2),False,False,,,2026-01-29T11:15:43.985949,,False,win_fail_rc=0
PALMIRA,192.168.21.20,RECREO ESQUINITA II,False,False,,,2026-01-29T11:15:44.138132,,False,win_fail_rc=0
PALMIRA,192.168.21.124,UNICENTRO,False,False,,,2026-01-29T11:15:44.218802,,False,win_fail_rc=0
PALMIRA,192.168.22.25,LAS MERCEDES,False,False,,,2026-01-29T11:15:44.513977,,False,win_fail_rc=0
PALMIRA,192.168.15.21,CARBONERA I,False,False,,,2026-01-29T11:15:44.532725,,False,win_fail_rc=0
PALMIRA,192.168.15.52,TAT SIST RESERVAS ZORAIDA,False,False,,,2026-01-29T11:15:44.580558,,False,win_fail_rc=0
PALMIRA,192.168.15.41,LA ESPERANZA 2,False,False,,,2026-01-29T11:15:44.700580,,False,win_fail_rc=0
PALMIRA,192.168.36.34,TAT CAÑA REAL,False,False,,,2026-01-29T11:15:44.785283,,False,win_fail_rc=0
PALMIRA,192.168.21.143,LAS FLORES,False,False,,,2026-01-29T11:15:45.338767,,False,win_fail_rc=0
PALMIRA,192.168.36.11,LA CIGARRA,False,False,,,2026-01-29T11:15:45.466045,,False,win_fail_rc=0
PRADERA,192.168.25.28,CAJEROS PRADERA MICROSEGUROS,False,False,,,2026-01-29T11:15:45.958366,,False,win_fail_rc=0
PALMIRA,192.168.45.117,CASA DE LA 27,False,False,,,2026-01-29T11:15:45.996171,,False,win_fail_rc=0
PRADERA,192.168.24.39,TAT DAHIAM COMUNICACIONES,False,False,,,2026-01-29T11:15:46.118889,,False,win_fail_rc=0
PALMIRA,192.168.21.62,HELADERIA SEMBRADOR,False,False,,,2026-01-29T11:15:46.140946,,False,win_fail_rc=1
PRADERA,192.168.24.19,LICORERA LA 8,False,False,,,2026-01-29T11:15:46.358067,,False,win_fail_rc=0
PRADERA,192.168.24.61,LA 14 PRADERA,False,False,,,2026-01-29T11:15:46.358178,,False,win_fail_rc=0
PRADERA,192.168.24.75,COMUNEROS I,False,False,,,2026-01-29T11:15:46.439003,,False,win_fail_rc=0
ROZO,192.168.19.26,VIRGINIA II ROZO,False,False,,,2026-01-29T11:15:46.843003,,False,win_fail_rc=0
ROZO,192.168.19.20,VIRGINIA I ROZO,False,False,,,2026-01-29T11:15:46.844969,,True,win_fail_rc=0
ROZO,192.168.19.17,TELECOM LA TORRE,False,False,,,2026-01-29T11:15:46.924246,,False,win_fail_rc=0
ROZO,10.100.1.20,EL PEAJE ROZO SIST,False,False,,,2026-01-29T11:15:47.143034,,False,win_fail_rc=1
